source,eval,kind,alpha,seed,nominal,coverage,q_hat,mean_score,median_score,n,delta
av2_cpu_v1,av2_cpu_v1,in,0.05,0,0.95,0.9501748251748252,7.884819507598877,3.4219828292310654,2.9229458570480347,2288,-0.00017482517482525495
av2_cpu_v1,av2cal,same_domain,0.05,0,0.95,0.9506118881118881,7.884819507598877,3.419255409675481,2.9009026288986206,4576,-0.0006118881118881703
av2_cpu_v1,av2test,same_domain,0.05,0,0.95,0.9492769263975825,7.884819507598877,3.424284781850577,2.8777430057525635,4633,0.0007230736024174123
av2_cpu_v1,ns,cross,0.05,0,0.95,0.9222431146997013,7.884819507598877,3.9629786811054526,3.0397517681121826,9041,0.027756885300298628
av2_cpu_v1,av2_cpu_v1,in,0.05,1,0.95,0.9554195804195804,8.221952438354492,3.460332792180662,2.908250570297241,2288,-0.005419580419580461
av2_cpu_v1,av2cal,same_domain,0.05,1,0.95,0.9532342657342657,8.221952438354492,3.419255409675481,2.9009026288986206,4576,-0.0032342657342657732
av2_cpu_v1,av2test,same_domain,0.05,1,0.95,0.9555363695229873,8.221952438354492,3.424284781850577,2.8777430057525635,4633,-0.0055363695229873056
av2_cpu_v1,ns,cross,0.05,1,0.95,0.9285477270213472,8.221952438354492,3.9629786811054526,3.0397517681121826,9041,0.02145227297865271
av2_cpu_v1,av2_cpu_v1,in,0.05,2,0.95,0.9571678321678322,8.316246032714844,3.3788683482696515,2.894143581390381,2288,-0.007167832167832233
av2_cpu_v1,av2cal,same_domain,0.05,2,0.95,0.9541083916083916,8.316246032714844,3.419255409675481,2.9009026288986206,4576,-0.004108391608391604
av2_cpu_v1,av2test,same_domain,0.05,2,0.95,0.9570472695877401,8.316246032714844,3.424284781850577,2.8777430057525635,4633,-0.007047269587740157
av2_cpu_v1,ns,cross,0.05,2,0.95,0.9299856210596174,8.316246032714844,3.9629786811054526,3.0397517681121826,9041,0.020014378940382604
av2_cpu_v1,av2_cpu_v1,in,0.1,0,0.9,0.8894230769230769,5.787362575531006,3.4219828292310654,2.9229458570480347,2288,0.01057692307692315
av2_cpu_v1,av2cal,same_domain,0.1,0,0.9,0.8953234265734266,5.787362575531006,3.419255409675481,2.9009026288986206,4576,0.00467657342657346
av2_cpu_v1,av2test,same_domain,0.1,0,0.9,0.8985538527951651,5.787362575531006,3.424284781850577,2.8777430057525635,4633,0.0014461472048349355
av2_cpu_v1,ns,cross,0.1,0,0.9,0.8601924565866608,5.787362575531006,3.9629786811054526,3.0397517681121826,9041,0.03980754341333925
av2_cpu_v1,av2_cpu_v1,in,0.1,1,0.9,0.8920454545454546,5.817092418670654,3.460332792180662,2.908250570297241,2288,0.007954545454545436
av2_cpu_v1,av2cal,same_domain,0.1,1,0.9,0.8966346153846154,5.817092418670654,3.419255409675481,2.9009026288986206,4576,0.0033653846153846034
av2_cpu_v1,av2test,same_domain,0.1,1,0.9,0.8994172242607382,5.817092418670654,3.424284781850577,2.8777430057525635,4633,0.0005827757392617983
av2_cpu_v1,ns,cross,0.1,1,0.9,0.8620727795597832,5.817092418670654,3.9629786811054526,3.0397517681121826,9041,0.03792722044021679
av2_cpu_v1,av2_cpu_v1,in,0.1,2,0.9,0.9042832167832168,6.021094799041748,3.3788683482696515,2.894143581390381,2288,-0.004283216783216748
av2_cpu_v1,av2cal,same_domain,0.1,2,0.9,0.9027534965034965,6.021094799041748,3.419255409675481,2.9009026288986206,4576,-0.002753496503496433
av2_cpu_v1,av2test,same_domain,0.1,2,0.9,0.9052449816533563,6.021094799041748,3.424284781850577,2.8777430057525635,4633,-0.005244981653356295
av2_cpu_v1,ns,cross,0.1,2,0.9,0.87092135825683,6.021094799041748,3.9629786811054526,3.0397517681121826,9041,0.029078641743169986
av2_cpu_v1,av2_cpu_v1,in,0.2,0,0.8,0.7902097902097902,4.480979919433594,3.4219828292310654,2.9229458570480347,2288,0.009790209790209836
av2_cpu_v1,av2cal,same_domain,0.2,0,0.8,0.7956730769230769,4.480979919433594,3.419255409675481,2.9009026288986206,4576,0.004326923076923173
av2_cpu_v1,av2test,same_domain,0.2,0,0.8,0.804230520181308,4.480979919433594,3.424284781850577,2.8777430057525635,4633,-0.004230520181307984
av2_cpu_v1,ns,cross,0.2,0,0.8,0.7677248092025218,4.480979919433594,3.9629786811054526,3.0397517681121826,9041,0.032275190797478204
av2_cpu_v1,av2_cpu_v1,in,0.2,1,0.8,0.7906468531468531,4.481039047241211,3.460332792180662,2.908250570297241,2288,0.00935314685314692
av2_cpu_v1,av2cal,same_domain,0.2,1,0.8,0.7958916083916084,4.481039047241211,3.419255409675481,2.9009026288986206,4576,0.004108391608391604
av2_cpu_v1,av2test,same_domain,0.2,1,0.8,0.804230520181308,4.481039047241211,3.424284781850577,2.8777430057525635,4633,-0.004230520181307984
av2_cpu_v1,ns,cross,0.2,1,0.8,0.7677248092025218,4.481039047241211,3.9629786811054526,3.0397517681121826,9041,0.032275190797478204
av2_cpu_v1,av2_cpu_v1,in,0.2,2,0.8,0.7967657342657343,4.505101203918457,3.3788683482696515,2.894143581390381,2288,0.0032342657342657732
av2_cpu_v1,av2cal,same_domain,0.2,2,0.8,0.798951048951049,4.505101203918457,3.419255409675481,2.9009026288986206,4576,0.0010489510489510856
av2_cpu_v1,av2test,same_domain,0.2,2,0.8,0.8070364774444204,4.505101203918457,3.424284781850577,2.8777430057525635,4633,-0.007036477444420375
av2_cpu_v1,ns,cross,0.2,2,0.8,0.770489990045349,4.505101203918457,3.9629786811054526,3.0397517681121826,9041,0.02951000995465103